{"page_shape": [1522, 1080], "regions": [{"xyxy": [36.0, 849.0, 264.0, 1017.0], "translation": "มีอยู่หนึ่งอัน", "font_size": 80, "target_lang": "THA", "bubble_box": [31.9560546875, 758.02734375, 280.1728515625, 1101.369140625], "bubble_polygon": [[116.6767578125, 758.02734375], [116.6767578125, 762.486328125], [113.7041015625, 765.458984375], [112.2177734375, 765.458984375], [110.7314453125, 766.9453125], [109.2451171875, 766.9453125], [106.2724609375, 769.91796875], [104.7861328125, 769.91796875], [103.2998046875, 771.404296875], [101.8134765625, 771.404296875], [98.8408203125, 774.376953125], [97.3544921875, 774.376953125], [94.3818359375, 777.349609375], [92.8955078125, 777.349609375], [89.9228515625, 780.322265625], [88.4365234375, 780.322265625], [66.1416015625, 802.6171875], [66.1416015625, 804.103515625], [60.1962890625, 810.048828125], [60.1962890625, 811.53515625], [55.7373046875, 815.994140625], [55.7373046875, 817.48046875], [52.7646484375, 820.453125], [52.7646484375, 821.939453125], [49.7919921875, 824.912109375], [49.7919921875, 826.3984375], [48.3056640625, 827.884765625], [48.3056640625, 829.37109375], [46.8193359375, 830.857421875], [46.8193359375, 832.34375], [45.3330078125, 833.830078125], [45.3330078125, 835.31640625], [43.8466796875, 836.802734375], [43.8466796875, 838.2890625], [42.3603515625, 839.775390625], [42.3603515625, 841.26171875], [40.8740234375, 842.748046875], [40.8740234375, 844.234375], [39.3876953125, 845.720703125], [39.3876953125, 848.693359375], [37.9013671875, 850.1796875], [37.9013671875, 851.666015625], [36.4150390625, 853.15234375], [31.9560546875, 853.15234375], [31.9560546875, 995.83984375], [36.4150390625, 995.83984375], [37.9013671875, 997.326171875], [37.9013671875, 998.8125], [39.3876953125, 1000.298828125], [39.3876953125, 1001.78515625], [40.8740234375, 1003.271484375], [40.8740234375, 1006.244140625], [42.3603515625, 1007.73046875], [42.3603515625, 1009.216796875], [43.8466796875, 1010.703125], [43.8466796875, 1012.189453125], [45.3330078125, 1013.67578125], [45.3330078125, 1015.162109375], [46.8193359375, 1016.6484375], [46.8193359375, 1018.134765625], [48.3056640625, 1019.62109375], [48.3056640625, 1021.107421875], [49.7919921875, 1022.59375], [49.7919921875, 1024.080078125], [51.2783203125, 1025.56640625], [51.2783203125, 1027.052734375], [54.2509765625, 1030.025390625], [54.2509765625, 1031.51171875], [57.2236328125, 1034.484375], [57.2236328125, 1035.970703125], [60.1962890625, 1038.943359375], [60.1962890625, 1040.4296875], [63.1689453125, 1043.40234375], [63.1689453125, 1044.888671875], [79.5185546875, 1061.23828125], [81.0048828125, 1061.23828125], [86.9501953125, 1067.18359375], [88.4365234375, 1067.18359375], [92.8955078125, 1071.642578125], [94.3818359375, 1071.642578125], [98.8408203125, 1076.1015625], [100.3271484375, 1076.1015625], [101.8134765625, 1077.587890625], [103.2998046875, 1077.587890625], [104.7861328125, 1079.07421875], [106.2724609375, 1079.07421875], [107.7587890625, 1080.560546875], [109.2451171875, 1080.560546875], [110.7314453125, 1082.046875], [112.2177734375, 1082.046875], [113.7041015625, 1083.533203125], [115.1904296875, 1083.533203125], [116.6767578125, 1085.01953125], [119.6494140625, 1085.01953125], [121.1357421875, 1086.505859375], [122.6220703125, 1086.505859375], [124.1083984375, 1087.9921875], [127.0810546875, 1087.9921875], [128.5673828125, 1089.478515625], [131.5400390625, 1089.478515625], [133.0263671875, 1090.96484375], [135.9990234375, 1090.96484375], [137.4853515625, 1092.451171875], [141.9443359375, 1092.451171875], [143.4306640625, 1093.9375], [147.8896484375, 1093.9375], [149.3759765625, 1095.423828125], [152.3486328125, 1095.423828125], [153.8349609375, 1096.91015625], [153.8349609375, 1101.369140625], [173.1572265625, 1101.369140625], [173.1572265625, 1096.91015625], [174.6435546875, 1095.423828125], [176.1298828125, 1095.423828125], [177.6162109375, 1093.9375], [182.0751953125, 1093.9375], [183.5615234375, 1092.451171875], [186.5341796875, 1092.451171875], [188.0205078125, 1090.96484375], [190.9931640625, 1090.96484375], [192.4794921875, 1089.478515625], [193.9658203125, 1089.478515625], [195.4521484375, 1087.9921875], [196.9384765625, 1087.9921875], [198.4248046875, 1086.505859375], [199.9111328125, 1086.505859375], [201.3974609375, 1085.01953125], [202.8837890625, 1085.01953125], [205.8564453125, 1082.046875], [207.3427734375, 1082.046875], [210.3154296875, 1079.07421875], [211.8017578125, 1079.07421875], [214.7744140625, 1076.1015625], [216.2607421875, 1076.1015625], [234.0966796875, 1058.265625], [234.0966796875, 1056.779296875], [240.0419921875, 1050.833984375], [240.0419921875, 1049.34765625], [244.5009765625, 1044.888671875], [244.5009765625, 1043.40234375], [245.9873046875, 1041.916015625], [245.9873046875, 1040.4296875], [248.9599609375, 1037.45703125], [248.9599609375, 1035.970703125], [250.4462890625, 1034.484375], [250.4462890625, 1032.998046875], [251.9326171875, 1031.51171875], [251.9326171875, 1030.025390625], [253.4189453125, 1028.5390625], [253.4189453125, 1027.052734375], [254.9052734375, 1025.56640625], [254.9052734375, 1024.080078125], [256.3916015625, 1022.59375], [256.3916015625, 1019.62109375], [257.8779296875, 1018.134765625], [257.8779296875, 1016.6484375], [259.3642578125, 1015.162109375], [259.3642578125, 1012.189453125], [260.8505859375, 1010.703125], [260.8505859375, 1007.73046875], [262.3369140625, 1006.244140625], [262.3369140625, 1003.271484375], [263.8232421875, 1001.78515625], [263.8232421875, 998.8125], [265.3095703125, 997.326171875], [265.3095703125, 994.353515625], [266.7958984375, 992.8671875], [266.7958984375, 989.89453125], [268.2822265625, 988.408203125], [268.2822265625, 982.462890625], [269.7685546875, 980.9765625], [269.7685546875, 976.517578125], [271.2548828125, 975.03125], [271.2548828125, 969.0859375], [272.7412109375, 967.599609375], [272.7412109375, 960.16796875], [274.2275390625, 958.681640625], [274.2275390625, 952.736328125], [275.7138671875, 951.25], [280.1728515625, 951.25], [280.1728515625, 891.796875], [275.7138671875, 891.796875], [274.2275390625, 890.310546875], [274.2275390625, 888.82421875], [272.7412109375, 887.337890625], [272.7412109375, 882.87890625], [271.2548828125, 881.392578125], [271.2548828125, 876.93359375], [269.7685546875, 875.447265625], [269.7685546875, 869.501953125], [268.2822265625, 868.015625], [268.2822265625, 863.556640625], [266.7958984375, 862.0703125], [266.7958984375, 860.583984375], [265.3095703125, 859.09765625], [265.3095703125, 856.125], [263.8232421875, 854.638671875], [263.8232421875, 851.666015625], [262.3369140625, 850.1796875], [262.3369140625, 847.20703125], [260.8505859375, 845.720703125], [260.8505859375, 842.748046875], [259.3642578125, 841.26171875], [259.3642578125, 839.775390625], [257.8779296875, 838.2890625], [257.8779296875, 836.802734375], [256.3916015625, 835.31640625], [256.3916015625, 832.34375], [254.9052734375, 830.857421875], [254.9052734375, 829.37109375], [253.4189453125, 827.884765625], [253.4189453125, 826.3984375], [251.9326171875, 824.912109375], [251.9326171875, 823.42578125], [250.4462890625, 821.939453125], [250.4462890625, 820.453125], [247.4736328125, 817.48046875], [247.4736328125, 815.994140625], [243.0146484375, 811.53515625], [243.0146484375, 810.048828125], [238.5556640625, 805.58984375], [238.5556640625, 792.212890625], [240.0419921875, 790.7265625], [240.0419921875, 784.78125], [234.0966796875, 784.78125], [229.6376953125, 789.240234375], [225.1787109375, 789.240234375], [223.6923828125, 787.75390625], [222.2060546875, 787.75390625], [216.2607421875, 781.80859375], [214.7744140625, 781.80859375], [213.2880859375, 780.322265625], [213.2880859375, 778.8359375], [211.8017578125, 778.8359375], [205.8564453125, 772.890625], [204.3701171875, 772.890625], [201.3974609375, 769.91796875], [199.9111328125, 769.91796875], [195.4521484375, 765.458984375], [193.9658203125, 765.458984375], [190.9931640625, 762.486328125], 